group,figure_id,preview_path,vector_path
ocv,A_OCV,png/A_OCV.png,eps/A_OCV.eps
ocv,B_OCV,png/B_OCV.png,eps/B_OCV.eps
ocv,C_OCV,png/C_OCV.png,eps/C_OCV.eps
profiles,A_FUDS,png/A_FUDS.png,eps/A_FUDS.eps
profiles,A_HPPC,png/A_HPPC.png,eps/A_HPPC.eps
profiles,A_NEDC,png/A_NEDC.png,eps/A_NEDC.eps
profiles,B_FUDS,png/B_FUDS.png,eps/B_FUDS.eps
profiles,B_HPPC,png/B_HPPC.png,eps/B_HPPC.eps
profiles,B_NEDC,png/B_NEDC.png,eps/B_NEDC.eps
profiles,C_FUDS,png/C_FUDS.png,eps/C_FUDS.eps
profiles,C_HPPC,png/C_HPPC.png,eps/C_HPPC.eps
profiles,C_NEDC,png/C_NEDC.png,eps/C_NEDC.eps
rc,A_RC,png/A_RC.png,eps/A_RC.eps
rc,B_RC,png/B_RC.png,eps/B_RC.eps
rc,C_RC,png/C_RC.png,eps/C_RC.eps
estimation,A_FUDS_P,png/A_FUDS_P.png,eps/A_FUDS_P.eps
estimation,A_FUDS_PE,png/A_FUDS_PE.png,eps/A_FUDS_PE.eps
estimation,A_HPPC_P,png/A_HPPC_P.png,eps/A_HPPC_P.eps
estimation,A_HPPC_PE,png/A_HPPC_PE.png,eps/A_HPPC_PE.eps
estimation,A_NEDC_P,png/A_NEDC_P.png,eps/A_NEDC_P.eps
estimation,A_NEDC_PE,png/A_NEDC_PE.png,eps/A_NEDC_PE.eps
estimation,B_FUDS_P,png/B_FUDS_P.png,eps/B_FUDS_P.eps
estimation,B_FUDS_PE,png/B_FUDS_PE.png,eps/B_FUDS_PE.eps
estimation,B_HPPC_P,png/B_HPPC_P.png,eps/B_HPPC_P.eps
estimation,B_HPPC_PE,png/B_HPPC_PE.png,eps/B_HPPC_PE.eps
estimation,B_NEDC_P,png/B_NEDC_P.png,eps/B_NEDC_P.eps
estimation,B_NEDC_PE,png/B_NEDC_PE.png,eps/B_NEDC_PE.eps
estimation,C_FUDS_P,png/C_FUDS_P.png,eps/C_FUDS_P.eps
estimation,C_FUDS_PE,png/C_FUDS_PE.png,eps/C_FUDS_PE.eps
estimation,C_HPPC_P,png/C_HPPC_P.png,eps/C_HPPC_P.eps
estimation,C_HPPC_PE,png/C_HPPC_PE.png,eps/C_HPPC_PE.eps
estimation,C_NEDC_P,png/C_NEDC_P.png,eps/C_NEDC_P.eps
estimation,C_NEDC_PE,png/C_NEDC_PE.png,eps/C_NEDC_PE.eps
legend,legend,png/legend.png,
method_validation,gtestb,png/gtestb.png,
method_validation,g=0b,png/g=0b.png,
method_validation,pso_test,png/pso_test.png,
