battery,cycle,method,mae_percentage_points,mse_percentage_points_squared
A,HPPC,G1,0.6052,0.7619
A,FUDS,G1,0.2876,0.0889
A,NEDC,G1,0.1264,0.0257
A,HPPC,G0,0.8341,0.7248
A,FUDS,G0,0.4111,0.1696
A,NEDC,G0,0.2606,0.0693
A,HPPC,PSO,0.5183,0.2909
A,FUDS,PSO,0.3273,0.1080
A,NEDC,PSO,0.2039,0.0305
B,HPPC,G1,2.3572,8.9256
B,FUDS,G1,1.0943,2.1460
B,NEDC,G1,0.8480,1.1133
B,HPPC,G0,0.4125,0.1992
B,FUDS,G0,0.1569,0.0262
B,NEDC,G0,0.0483,0.0034
B,HPPC,PSO,0.2931,0.0933
B,FUDS,PSO,0.0429,0.0020
B,NEDC,PSO,0.0333,0.0013
C,HPPC,G1,2.2451,7.0073
C,FUDS,G1,0.9495,1.4364
C,NEDC,G1,0.5948,0.5113
C,HPPC,G0,0.8825,0.8084
C,FUDS,G0,1.0910,1.1917
C,NEDC,G0,2.2246,5.0467
C,HPPC,PSO,0.4424,0.2194
C,FUDS,PSO,0.4726,0.2911
C,NEDC,PSO,1.1937,1.2465
