soc_fraction,ocv_V
1,3.3723000000000001
0.95402746400000005,3.3277000000000001
0.90805448799999999,3.3258000000000001
0.862092725,3.3258000000000001
0.81613041399999997,3.3258000000000001
0.77016825300000002,3.3258000000000001
0.72420580000000001,3.3258000000000001
0.67824327100000004,3.3239999999999998
0.63228111600000003,3.3128000000000002
0.58631858599999997,3.2924000000000002
0.54035648700000005,3.2867999999999999
0.49439489599999997,3.2867999999999999
0.448432685,3.2848999999999999
0.40245861900000002,3.2831000000000001
0.35649692500000002,3.2831000000000001
0.31053541400000001,3.2793000000000001
0.26456122300000001,3.2663000000000002
0.21859963399999999,3.2513999999999998
0.17262575699999999,3.2309999999999999
0.126651615,3.2067999999999999
0.080678095000000005,3.1974999999999998
0.034704592999999999,3.1008
1.2420599999999999e-15,2.8012999999999999
